Place,Code,Country,State,City
Beverly Hills,90210,United States,California,Los Angeles
Los Angeles,90002,United States,California,Los Angeles
Los Angeles,90003,United States,California,Los Angeles
Los Angeles,90004,United States,California,Los Angeles
Los Angeles,90006,United States,California,Los Angeles
Los Angeles,90012,United States,California,Los Angeles
Los Angeles,90017,United States,California,Los Angeles
Los Angeles,90018,United States,California,Los Angeles
Los Angeles,90020,United States,California,Los Angeles
Los Angeles,90024,United States,California,Los Angeles
Los Angeles,90025,United States,California,Los Angeles
Los Angeles,90026,United States,California,Los Angeles
Los Angeles,90027,United States,California,Los Angeles
Los Angeles,90029,United States,California,Los Angeles
Los Angeles,90031,United States,California,Los Angeles
Los Angeles,90034,United States,California,Los Angeles
Los Angeles,90035,United States,California,Los Angeles
Los Angeles,90036,United States,California,Los Angeles
Los Angeles,90038,United States,California,Los Angeles
Los Angeles,90039,United States,California,Los Angeles
Los Angeles,90041,United States,California,Los Angeles
Los Angeles,90045,United States,California,Los Angeles
Los Angeles,90046,United States,California,Los Angeles
Los Angeles,90048,United States,California,Los Angeles
Los Angeles,90049,United States,California,Los Angeles
Los Angeles,90057,United States,California,Los Angeles
Los Angeles,90064,United States,California,Los Angeles
Los Angeles,90067,United States,California,Los Angeles
Los Angeles,90071,United States,California,Los Angeles
Beverly Hills,90212,United States,California,Los Angeles
Culver City,90230,United States,California,Los Angeles
Redondo Beach,90277,United States,California,Los Angeles
Marina Del Rey,90292,United States,California,Los Angeles
Santa Monica,90401,United States,California,Los Angeles
Santa Monica,90403,United States,California,Los Angeles
Santa Monica,90404,United States,California,Los Angeles
Santa Monica,90405,United States,California,Los Angeles
Torrance,90503,United States,California,Los Angeles
Buena Park,90620,United States,California,Orange
Long Beach,90802,United States,California,Los Angeles
Long Beach,90804,United States,California,Los Angeles
Arcadia,91006,United States,California,Los Angeles
Pasadena,91105,United States,California,Los Angeles
Pasadena,91107,United States,California,Los Angeles
Burbank,91505,United States,California,Los Angeles
Chula Vista,91910,United States,California,San Diego
Chula Vista,91911,United States,California,San Diego
Chula Vista,91913,United States,California,San Diego
Chula Vista,91914,United States,California,San Diego
La Mesa,91941,United States,California,San Diego
Spring Valley,91977,United States,California,San Diego
Carlsbad,92008,United States,California,San Diego
Carlsbad,92009,United States,California,San Diego
El Cajon,92019,United States,California,San Diego
El Cajon,92020,United States,California,San Diego
Escondido,92025,United States,California,San Diego
Escondido,92026,United States,California,San Diego
Escondido,92027,United States,California,San Diego
La Jolla,92037,United States,California,San Diego
Oceanside,92054,United States,California,San Diego
Oceanside,92056,United States,California,San Diego
San Marcos,92069,United States,California,San Diego
San Marcos,92078,United States,California,San Diego
Vista,92083,United States,California,San Diego
San Diego,92101,United States,California,San Diego
San Diego,92103,United States,California,San Diego
San Diego,92108,United States,California,San Diego
San Diego,92109,United States,California,San Diego
San Diego,92110,United States,California,San Diego
San Diego,92121,United States,California,San Diego
Anaheim,92802,United States,California,Orange
Monterey,93940,United States,California,Monterey
San Francisco,94102,United States,California,City and County of San Francisco
San Francisco,94103,United States,California,City and County of San Francisco
San Francisco,94105,United States,California,City and County of San Francisco
San Francisco,94107,United States,California,City and County of San Francisco
San Francisco,94108,United States,California,City and County of San Francisco
San Francisco,94109,United States,California,City and County of San Francisco
San Francisco,94111,United States,California,City and County of San Francisco
Sacramento,95814,United States,California,Sacramento
Los Angeles,90001,United States,California,Los Angeles
Los Angeles,90005,United States,California,Los Angeles
Los Angeles,90007,United States,California,Los Angeles
Los Angeles,90008,United States,California,Los Angeles
Los Angeles,90009,United States,California,Los Angeles
Los Angeles,90010,United States,California,Los Angeles
Los Angeles,90011,United States,California,Los Angeles
Los Angeles,90013,United States,California,Los Angeles
Los Angeles,90014,United States,California,Los Angeles
Los Angeles,90015,United States,California,Los Angeles
Los Angeles,90016,United States,California,Los Angeles
Los Angeles,90019,United States,California,Los Angeles
Los Angeles,90021,United States,California,Los Angeles
Los Angeles,90022,United States,California,Los Angeles
Los Angeles,90023,United States,California,Los Angeles
Los Angeles,90028,United States,California,Los Angeles
Los Angeles,90030,United States,California,Los Angeles
Los Angeles,90032,United States,California,Los Angeles
Los Angeles,90033,United States,California,Los Angeles
Los Angeles,90037,United States,California,Los Angeles
Los Angeles,90040,United States,California,Los Angeles
Los Angeles,90042,United States,California,Los Angeles
Los Angeles,90043,United States,California,Los Angeles
Los Angeles,90044,United States,California,Los Angeles
Los Angeles,90047,United States,California,Los Angeles
Los Angeles,90050,United States,California,Los Angeles
Los Angeles,90051,United States,California,Los Angeles
Los Angeles,90052,United States,California,Los Angeles
Los Angeles,90053,United States,California,Los Angeles
Los Angeles,90054,United States,California,Los Angeles
Los Angeles,90055,United States,California,Los Angeles
Los Angeles,90056,United States,California,Los Angeles
Los Angeles,90058,United States,California,Los Angeles
Los Angeles,90059,United States,California,Los Angeles
Los Angeles,90060,United States,California,Los Angeles
Los Angeles,90061,United States,California,Los Angeles
Los Angeles,90062,United States,California,Los Angeles
Los Angeles,90063,United States,California,Los Angeles
Los Angeles,90065,United States,California,Los Angeles
Los Angeles,90066,United States,California,Los Angeles
Los Angeles,90068,United States,California,Los Angeles
West Hollywood,90069,United States,California,Los Angeles
Los Angeles,90070,United States,California,Los Angeles
Los Angeles,90072,United States,California,Los Angeles
Los Angeles,90073,United States,California,Los Angeles
Los Angeles,90074,United States,California,Los Angeles
Los Angeles,90075,United States,California,Los Angeles
Los Angeles,90076,United States,California,Los Angeles
Los Angeles,90077,United States,California,Los Angeles
Los Angeles,90079,United States,California,Los Angeles
Los Angeles,90080,United States,California,Los Angeles
Los Angeles,90081,United States,California,Los Angeles
Los Angeles,90082,United States,California,Los Angeles
Los Angeles,90083,United States,California,Los Angeles
Los Angeles,90084,United States,California,Los Angeles
Los Angeles,90086,United States,California,Los Angeles
Los Angeles,90087,United States,California,Los Angeles
Los Angeles,90088,United States,California,Los Angeles
Los Angeles,90089,United States,California,Los Angeles
Los Angeles,90091,United States,California,Los Angeles
Los Angeles,90093,United States,California,Los Angeles
Los Angeles,90095,United States,California,Los Angeles
Los Angeles,90096,United States,California,Los Angeles
Los Angeles,90134,United States,California,Los Angeles
Beverly Hills,90209,United States,California,Los Angeles
Beverly Hills,90211,United States,California,Los Angeles
Beverly Hills,90213,United States,California,Los Angeles
Compton,90220,United States,California,Los Angeles
Compton,90221,United States,California,Los Angeles
Compton,90223,United States,California,Los Angeles
Compton,90224,United States,California,Los Angeles
Culver City,90231,United States,California,Los Angeles
Culver City,90232,United States,California,Los Angeles
Culver City,90233,United States,California,Los Angeles
Downey,90239,United States,California,Los Angeles
Downey,90240,United States,California,Los Angeles
Downey,90241,United States,California,Los Angeles
Downey,90242,United States,California,Los Angeles
El Segundo,90245,United States,California,Los Angeles
Gardena,90247,United States,California,Los Angeles
Gardena,90248,United States,California,Los Angeles
Gardena,90249,United States,California,Los Angeles
Hawthorne,90250,United States,California,Los Angeles
Hawthorne,90251,United States,California,Los Angeles
Hermosa Beach,90254,United States,California,Los Angeles
Huntington Park,90255,United States,California,Los Angeles
Lawndale,90260,United States,California,Los Angeles
Lawndale,90261,United States,California,Los Angeles
Lynwood,90262,United States,California,Los Angeles
Malibu,90263,United States,California,Los Angeles
Malibu,90264,United States,California,Los Angeles
Malibu,90265,United States,California,Los Angeles
Manhattan Beach,90266,United States,California,Los Angeles
Manhattan Beach,90267,United States,California,Los Angeles
Maywood,90270,United States,California,Los Angeles
Pacific Palisades,90272,United States,California,Los Angeles
Palos Verdes Peninsula,90274,United States,California,Los Angeles
Rancho Palos Verdes,90275,United States,California,Los Angeles
Redondo Beach,90278,United States,California,Los Angeles
South Gate,90280,United States,California,Los Angeles
Topanga,90290,United States,California,Los Angeles
Venice,90291,United States,California,Los Angeles
Playa Del Rey,90293,United States,California,Los Angeles
Venice,90294,United States,California,Los Angeles
Marina Del Rey,90295,United States,California,Los Angeles
Playa Del Rey,90296,United States,California,Los Angeles
Inglewood,90301,United States,California,Los Angeles
Inglewood,90302,United States,California,Los Angeles
Inglewood,90303,United States,California,Los Angeles
Inglewood,90304,United States,California,Los Angeles
Inglewood,90305,United States,California,Los Angeles
Inglewood,90306,United States,California,Los Angeles
Inglewood,90307,United States,California,Los Angeles
Inglewood,90308,United States,California,Los Angeles
Inglewood,90309,United States,California,Los Angeles
Inglewood,90310,United States,California,Los Angeles
Inglewood,90311,United States,California,Los Angeles
Inglewood,90312,United States,California,Los Angeles
Santa Monica,90402,United States,California,Los Angeles
Santa Monica,90406,United States,California,Los Angeles
